## MySQL数据库之DDL/DML/DCL

-Author: bavdu

-Email: bavduer@163.com

-Github: https://github.com/bavdu

---

- 数据库中库与表的概念及关系
- DDL语句
- DML语句
- DCL语句
- 数据的导入和导出

---

**No.1 数据库中库与表的关系**

在windows中有个程序叫做excel. 而Excel文件中存在了如sheet1、sheet2、sheet3的表, 所有的sheet都存储在这个Excel文件中, 在某个sheet中有相应的数据. 

回到数据库和表的关系上来说, 这个Excel文件就是一个数据库, 所有的sheet就是存储在库中的表, 表中去存储数据, 而我们学习的MySQL程序就是Excel程序,它是用来集中管理这些Excel文件的工具. 而我们在工作中又称这种机制类型为: *<u>关系型数据库</u>*



**No.2 DDL语句(Data Definition Languages)**: 数据定义语句

```mysql
##创建数据库语句
mysql> help create database
Name: 'CREATE DATABASE'
Description:
Syntax:
CREATE {DATABASE | SCHEMA} [IF NOT EXISTS] db_name
    [create_specification] ...

create_specification:
    [DEFAULT] CHARACTER SET [=] charset_name
  | [DEFAULT] COLLATE [=] collation_name

CREATE DATABASE creates a database with the given name. To use this
statement, you need the CREATE privilege for the database. CREATE
SCHEMA is a synonym for CREATE DATABASE.

URL: http://dev.mysql.com/doc/refman/5.7/en/create-database.html


mysql> create database cloud_class character set = utf8 collate = utf8_bin;
Query OK, 1 row affected (0.01 sec)

mysql> show databases;
+--------------------+
| Database           |
+--------------------+
| information_schema |
| cloud_class        |
| mysql              |
| performance_schema |
| sys                |
+--------------------+
5 rows in set (0.01 sec)

mysql> drop database cloud_class;
Query OK, 1 row affected (0.01 sec)
```

```mysql
##创建表语句
mysql> help create table			#查看帮助信息
...

mysql> use cloud_class;				#使用指定数据库
mysql> create table cloud1902 (
    -> id bigint,
    -> user_id bigint,
    -> name varchar(100),
    -> university varchar(10000),
    -> secort varchar(100))
	-> charset=utf8;
Query OK, 0 rows affected (0.03 sec)

mysql> drop table cloud1902;		#删除置顶数据库
Query OK, 0 rows affected (0.01 sec)

mysql> create table cloud1902 (		#设置主键,目的为不重复创建相同的数据
    -> ID bigint not null primary key,
    -> Name varchar(1000) not null primary key,
    -> University varchar(10000),
    -> Secort varchar(100))
    -> charset=utf8;
Query OK, 0 rows affected (0.02 sec)

mysql> select * from cloud1902;		#查询指定表中的数据,由于没有插入数据所以为空
Empty set (0.00 sec)

mysql>
```

```mysql
##创建用户
mysql> create user 'bavdu'@'localhost' identified by "(Bavdu..1229)";		#创建本地用户
Query OK, 0 rows affected (0.01 sec)

mysql> create user 'bavdu02'@'192.168.13.10' identified by "(Bavdu..1229)";	#创建远程用户
Query OK, 0 rows affected (0.00 sec)

mysql> create user 'bavdu03'@'192.168.161.%' identified by "(Bavdu..1229)"; #创建网段用户
Query OK, 0 rows affected (0.01 sec)

mysql> drop user 'bavdu'@'localhost';			 ##删除本地用户,删除远程用户及网段用户同此一致
Query OK, 0 rows affected (0.00 sec)
```

```mysql
##DDL的增删改
mysql> alter table cloud1902 add sex varchar(200);				##增加字段
Query OK, 0 rows affected (0.03 sec)
Records: 0  Duplicates: 0  Warnings: 0

mysql> alter table cloud1902 drop sex;							##删除字段
Query OK, 0 rows affected (0.02 sec)
Records: 0  Duplicates: 0  Warnings: 0

mysql> alter table cloud1902 modify Name varchar(200);			##更改字段数值类型
Query OK, 0 rows affected (0.04 sec)
Records: 0  Duplicates: 0  Warnings: 0


mysql> alter table cloud1902 change sex Sex varchar(100);		##更改字段名
Query OK, 0 rows affected (0.04 sec)
Records: 0  Duplicates: 0  Warnings: 0

mysql> alter table cloud1902 rename cloud1901;					##更改表的名字
Query OK, 0 rows affected (0.01 sec)
```



**No.3 DML语句(Data Manager Languages)**: 数据管理语句

```mysql
##表数据的增删改查
mysql> insert into cloud1902 (ID,Name,University,Secort,Sex) values(1,"bavdu01","HeilongJiangBaYiNongKen","A","man");				##插入数据,增加
Query OK, 1 row affected (0.01 sec)

mysql> select * from cloud1902;
+----+---------+-------------------------+--------+------+
| ID | Name    | University              | Secort | Sex  |
+----+---------+-------------------------+--------+------+
|  1 | bavdu01 | HeilongJiangBaYiNongKen | A      | man  |
+----+---------+-------------------------+--------+------+
1 row in set (0.00 sec)

mysql> select ID,Name,Sex from cloud1902;								##查询数据,查询
+----+---------+------+
| ID | Name    | Sex  |
+----+---------+------+
|  1 | bavdu01 | man  |
+----+---------+------+
1 row in set (0.00 sec)

mysql> update cloud1902 set Name=('bavdu001') where ID=1; --最好指定主键				##更改数据,改动
Query OK, 1 row affected (0.01 sec)
Rows matched: 1  Changed: 1  Warnings: 0

mysql> select ID,Name,Sex from cloud1902;
+----+----------+------+
| ID | Name     | Sex  |
+----+----------+------+
|  1 | bavdu001 | man  |
+----+----------+------+
1 row in set (0.00 sec)

mysql> delete from cloud1901 where ID=1;        --最好指定主键			 ##删除数据,删除
Query OK, 1 row affected (0.01 sec)

mysql> select ID,Name,Sex from cloud1901;
Empty set (0.00 sec)

mysql>
```



**No.4 DCL语句(Data Control Languages)**: 数据控制语句

```mysql
mysql> grant all privileges on cloud_class.* to 'bavdu'@'192.168.161.12';
Query OK, 0 rows affected (0.01 sec)

mysql> mysql> grant select, delete, insert, update on cloud_class.* to 'bavdu'@'192.168.161.12';
Query OK, 0 rows affected (0.01 sec)
```



**No.5 数据的导入和导出**

```shell
$ mysqldump -uroot -p"(Bavdu..1228)" Book_Class >/mysqldata/book_price.sql
```

```mysql
mysql> drop database Book_Class;
Query OK, 3 rows affected (0.04 sec)

mysql> show databases;
+--------------------+
| Database           |
+--------------------+
| information_schema |
| cloud_class        |
| mysql              |
| performance_schema |
| sys                |
+--------------------+
5 rows in set (0.00 sec)

mysql> create database booktype;
Query OK, 3 rows affected (0.04 sec)
```

```shell
[root@mysql_source mysqldata]# mysql -uroot -p"(Bavdu..1228)" booktype < book_price.sql

mysql> show tables;
+--------------------+
| Tables_in_booktype |
+--------------------+
| Book_Price         |
| Book_Type          |
| Price_devel        |
+--------------------+
3 rows in set (0.00 sec)
```

```
sql获取当前时间
sql读取系统日期和时间的方法如下：
--获取当前日期(如：yyyymmdd)

select CONVERT (nvarchar(12),GETDATE(),112)

--获取当前日期(如：yyyymmdd hh:MM:ss)
select GETDATE()

--获取当前日期(如：yyyy-mm-dd)
Select Datename(year,GetDate())+'-'+Datename(month,GetDate())+'-'+Datename(day,GetDate())

--获取当前日期(如：yyyy/mm/dd)
select DATENAME(YEAR,GETDATE())+'/'+DATENAME(MONTH,GETDATE())+'/'+DATENAME(DAY,GETDATE())

--获取几种日期
select DATENAME(YEAR,GETDATE()) --年份(YYYY)
select DATENAME(YY,GETDATE())

select DATENAME(MM,GETDATE()) --月份
select DATENAME(DD,GETDATE()) --日期
select dateName(hh,getdate()) --获取小时
select DATENAME(MI,GETDATE()) --获取分钟
select DATENAME(SECOND,GETDATE()) --获取秒
select DATENAME(WEEK,GETDATE()) --获取当前星期(周)是这一年中的第几个星期(周)
select DATENAME(WEEKDAY,GETDATE()) --星期几

*select convert(char(8),getdate(),108) as yourtime--获取当前时间
SELECT convert(char(10),getdate(),120) as yourdate--获取当前日期
SELECT left(convert(char(10),getdate(),120),4) as youryear--获取当前年份
```

