## 多表查询

-Author: bavdu

-Email: bavduer@gmail.com

-Gtihub: https://github.com/bavdu

---



####数据准备

```sql
SELECT field1, field2,...fieldN FROM table_name1, table_name2...[WHERE condition1 [AND [OR]] condition2.....

mysql> create database Book_Class character set=utf8 collate=utf8_bin;
Query OK, 1 row affected (0.01 sec)

mysql> use Book_Class;
Database changed
mysql> create table Book_Price (
    -> id bigint not null primary key,
    -> bookname varchar(2000),
    -> bookprice bigint,
    -> author varchar(2000),
    -> typeid bigint)
    -> charset=utf8;

mysql> create table Book_Type (
    -> id bigint not null primary key,
    -> book_type_name varchar(2000))
    -> charset=utf8;
Query OK, 0 rows affected (0.03 sec)
                                                  
mysql> create table Price_devel (
    -> typeid int not null primary key,
    -> price bigint,
    -> description varchar(2000))
    -> charset=utf8;
Query OK, 0 rows affected (0.01 sec)

##插入数据
mysql> insert into Book_Price (id,bookname,bookprice,author,typeid) values(1,"《Jane Eyre》",49.00,"Tom",2);
Query OK, 1 row affected (0.01 sec)

mysql> insert into Book_Price (id,bookname,bookprice,author,typeid) values(2,"《Cranford》",99.00,"Jack",2);
Query OK, 1 row affected (0.00 sec)

mysql> insert into Book_Price (id,bookname,bookprice,author,typeid) values(3,"《Black Beauty》",79.00,"Bob",2);
Query OK, 1 row affected (0.01 sec)

mysql> insert into Book_Price (id,bookname,bookprice,author,typeid) values(4,"《Desert Mountain Sea》",199.00,"Jerry",1);
Query OK, 1 row affected (0.01 sec)

mysql> insert into Book_Price (id,bookname,bookprice,author,typeid) values(5,"《Far from the Madding Crowd》",19.00,"Bavdu",3);
Query OK, 1 row affected (0.01 sec)

mysql> insert into Book_Price (id,bookname,bookprice,author,typeid) values(6,"《The Railway Children》",32.00,"Mr Liu",2);
Query OK, 1 row affected (0.00 sec)

mysql> insert into Book_Price (id,bookname,bookprice,author,typeid) values(7,"《William Shakespeare》",17.00,"Mr Wang",3);
Query OK, 1 row affected (0.00 sec)

mysql> insert into Book_Price (id,bookname,bookprice,author,typeid) values(8,"《Agatha Christie》",289.00,"Mr Yang",1);
Query OK, 1 row affected (0.00 sec)
                                                                 
mysql> insert into Book_Type (id,book_type_name) values(1,"COMPUTER TYPE");
Query OK, 1 row affected (0.01 sec)

mysql> insert into Book_Type (id,book_type_name) values(2,"HISTORY TYPE");
Query OK, 1 row affected (0.01 sec)

mysql> insert into Book_Type (id,book_type_name) values(3,"EDUCATION TYPE");
Query OK, 1 row affected (0.00 sec)
                                                                 
mysql> insert into Price_devel (typeid,price,description) values(1,100,"昂贵");
Query OK, 1 row affected (0.01 sec)

mysql> insert into Price_devel (typeid,price,description) values(2,20,"中等");
Query OK, 1 row affected (0.00 sec)

mysql> insert into Price_devel (typeid,price,description) values(3,19,"便宜");
Query OK, 1 row affected (0.01 sec)
```

```sql
mysql> select * from Book_Price;
+----+----------------------------------+-----------+---------+--------+
| id | bookname                         | bookprice | author  | typeid |
+----+----------------------------------+-----------+---------+--------+
|  1 | 《Jane Eyre》                    |        49 | Tom     |      2 |
|  2 | 《Cranford》                     |        99 | Jack    |      2 |
|  3 | 《Black Beauty》                 |        79 | Bob     |      2 |
|  4 | 《Desert Mountain Sea》          |       199 | Jerry   |      1 |
|  5 | 《Far from the Madding Crowd》   |        19 | Bavdu   |      3 |
|  6 | 《The Railway Children》         |        32 | Mr Liu  |      2 |
|  7 | 《William Shakespeare》          |        17 | Mr Wang |      3 |
|  8 | 《Agatha Christie》              |       289 | Mr Yang |      1 |
+----+----------------------------------+-----------+---------+--------+
8 rows in set (0.00 sec)

mysql> select * from Price_devel;
+--------+-------+-------------+
| typeid | price | description |
+--------+-------+-------------+
|      1 |   100 | 昂贵        |
|      2 |    20 | 中等        |
|      3 |    19 | 便宜        |
+--------+-------+-------------+
3 rows in set (0.00 sec)

mysql> select * from Book_Type;
+----+----------------+
| id | book_type_name |
+----+----------------+
|  1 | COMPUTER TYPE  |
|  2 | HISTORY TYPE   |
|  3 | EDUCATION TYPE |
+----+----------------+
3 rows in set (0.00 sec)

mysql>
```



#####多表联合查询

````mysql
# 根据价格信息从Book_Price、Book_Type、Price_devel三个表中查询出bookname, author, description, book_type_name 四个字段的信息
mysql> mysql> SELECT bookname,author,description,book_type_name FROM Book_Price,Book_Type,Price_devel WHERE Book_Price.typeid=Price_devel.typeid AND Book_Price.typeid=Book_Type.id;
+----------------------------------+---------+--------+----------------+
| bookname                         | author  | fption | book_type_name |
+----------------------------------+---------+--------+----------------+
| 《Jane Eyre》                     | Tom     | 中等   | HISTORY TYPE   |
| 《Cranford》                      | Jack    | 中等   | HISTORY TYPE   |
| 《Black Beauty》                  | Bob     | 中等   | HISTORY TYPE   |
| 《Desert Mountain Sea》           | Jerry   | 昂贵   | COMPUTER TYPE  |
| 《Far from the Madding Crowd》    | Bavdu   | 便宜   | EDUCATION TYPE |
| 《The Railway Children》          | Mr Liu  | 中等   | HISTORY TYPE   |
| 《William Shakespeare》           | Mr Wang | 便宜   | EDUCATION TYPE |
| 《Agatha Christie》               | Mr Yang | 昂贵   | COMPUTER TYPE  |
+----------------------------------+---------+--------+----------------+
8 rows in set (0.00 sec)
````



##### 多表嵌套查询

```mysql
# 查找Book_Price表中价格中等的书籍
mysql> SELECT bookname,author FROM Book_Price WHERE typeid in (select typeid from Price_devel where description="中等");
+----------------------------+--------+
| bookname                   | author |
+----------------------------+--------+
| 《Jane Eyre》              | Tom    |
| 《Cranford》               | Jack   |
| 《Black Beauty》           | Bob    |
| 《The Railway Children》   | Mr Liu |
+----------------------------+--------+
4 rows in set (0.00 sec)
```



